{
	"pages": [ //pages数组中第一项表示应用启动页，参考：https://uniapp.dcloud.io/collocation/pages
		{
			"path": "pages/index/index",
			"style": {
				"navigationBarTitleText": "uni-app"
			}
		}
	],
	"globalStyle": {
		"navigationBarTextStyle": "black",
		"navigationBarTitleText": "uni-app",
		"navigationBarBackgroundColor": "#F8F8F8",
		"backgroundColor": "#F8F8F8"
	},
	"easycom": {
		// 注意一定要放在custom里，否则无效，https://ask.dcloud.net.cn/question/131175
		"custom": {
			"^u--(.*)": "uview-plus/components/u-$1/u-$1.vue",
			"^up-(.*)": "uview-plus/components/u-$1/u-$1.vue",
	        "^u-([^-].*)": "uview-plus/components/u-$1/u-$1.vue"
		}
	}
}
