{
  "easycom": {
    // 注意一定要放在custom里，否则无效，https://ask.dcloud.net.cn/question/131175
    "custom": {
      "^u--(.*)": "uview-plus/components/u-$1/u-$1.vue",
      "^up-(.*)": "uview-plus/components/u-$1/u-$1.vue",
      "^u-([^-].*)": "uview-plus/components/u-$1/u-$1.vue"
    }
  },
  "pages": [
    //pages数组中第一项表示应用启动页，参考：https://uniapp.dcloud.io/collocation/pages
    {
      "path": "pages/start/start",
      "style": {
        "navigationBarTitleText": ""
      }
    },
    {
      "path": "pages/login/login",
      "style": {
        "navigationBarTitleText": "",
        "enablePullDownRefresh": true
      }
    },
    {
      "path": "pages/register/register",
      "style": {
        "navigationBarTitleText": "注册",
        "enablePullDownRefresh": true
      }
    }
  ],
  "globalStyle": {
    "navigationBarTextStyle": "black",
    "navigationBarTitleText": "uni-app",
    "navigationBarBackgroundColor": "#F8F8F8",
    "backgroundColor": "#F8F8F8"
  }
}
